{"cameraMode":{"drawMode":0,"name":"Shaded","section":"Shading Mode"},"sceneLighting":true,"audioPlay":false,"sceneViewState":{"showFog":true,"showMaterialUpdate":false,"showSkybox":true,"showFlares":true,"showImageEffects":true,"showParticleSystems":true},"in2DMode":false,"pivot":{"x":-3.4797990322113039,"y":1.1080876588821412,"z":9.734611511230469},"rotation":{"x":0.18883034586906434,"y":-0.1189885213971138,"z":0.0230549369007349,"w":0.9745016098022461},"size":11.11503791809082,"orthographic":true}