{"cameraMode":{"drawMode":0,"name":"Shaded","section":"Shading Mode"},"sceneLighting":true,"audioPlay":false,"sceneViewState":{"showFog":true,"showMaterialUpdate":false,"showSkybox":true,"showFlares":true,"showImageEffects":true,"showParticleSystems":true},"in2DMode":false,"pivot":{"x":-2.9343416690826418,"y":13.638293266296387,"z":-18.595752716064454},"rotation":{"x":-0.06422289460897446,"y":0.22699546813964845,"z":-0.015004156157374382,"w":-0.9716601371765137},"size":19.734220504760743,"orthographic":true}